{
  "pruned_fp32": {
    "metrics": {
      "accuracy": 0.96015625,
      "precision": 0.7700831024930748,
      "recall": 0.936026936026936,
      "f1": 0.8449848024316109,
      "tp": 278,
      "fp": 83,
      "fn": 19,
      "tn": 2180
    },
    "latency_ms": 0.004387500001712397,
    "storage_bytes_estimate": 772.0
  },
  "pruned_fp16_simulated": {
    "metrics": {
      "accuracy": 0.96015625,
      "precision": 0.7700831024930748,
      "recall": 0.936026936026936,
      "f1": 0.8449848024316109,
      "tp": 278,
      "fp": 83,
      "fn": 19,
      "tn": 2180
    },
    "latency_ms": 0.005200000001082117,
    "storage_bytes_estimate": 386.0,
    "accuracy_delta_vs_fp32": 0.0,
    "f1_delta_vs_fp32": 0.0
  },
  "pruned_int8_ptq_simulated": {
    "metrics": {
      "accuracy": 0.9609375,
      "precision": 0.7743732590529248,
      "recall": 0.936026936026936,
      "f1": 0.8475609756097562,
      "tp": 278,
      "fp": 81,
      "fn": 19,
      "tn": 2182
    },
    "latency_ms": 0.005249999998113708,
    "storage_bytes_estimate": 193.0,
    "accuracy_delta_vs_fp32": 0.0007812499999999556,
    "f1_delta_vs_fp32": 0.0025761731781452912
  }
}